1.0026-1.0	1.0026
1.0026-1.5	1.0026
1.0026-2.0	1.0026
1.0026-2.5	1.0026
1.0026-3.0	1.0026
1.0026-4.0	1.0026
1.0330-0.5	1.0330
1.0330-0.7	1.0330
1.0330-0.8	1.0330
1.0330-1.0	1.0330
1.0330-1.2	1.0330
1.0330-1.5	1.0330
1.0330-2.0	1.0330
1.0330-2.5	1.0330
1.0330-3.0	1.0330
1.0037-0.5	1.0037
1.0037-0.7	1.0037
1.0037-0.8	1.0037
1.0037-1.0	1.0037
1.0037-1.2	1.0037
1.0037-1.5	1.0037
1.0037-10.0	1.0037
1.0037-12.0	1.0037
1.0037-15.0	1.0037
1.0037-18.0	1.0037
1.0037-2.0	1.0037
1.0037-2.5	1.0037
1.0037-20.0	1.0037
1.0037-22.0	1.0037
1.0037-3.0	1.0037
1.0037-4.0	1.0037
1.0037-5.0	1.0037
1.0037-6.0	1.0037
1.0037-8.0	1.0037
1.0037-9.0	1.0037
1.4301-0.5	1.4301
1.4301-0.7	1.4301
1.4301-0.8	1.4301
1.4301-1.0	1.4301
1.4301-1.2	1.4301
1.4301-1.5	1.4301
1.4301-10.0	1.4301
1.4301-12.0	1.4301
1.4301-14.0	1.4301
1.4301-15.0	1.4301
1.4301-16.0	1.4301
1.4301-18.0	1.4301
1.4301-2.0	1.4301
1.4301-2.5	1.4301
1.4301-3.0	1.4301
1.4301-4.0	1.4301
1.4301-5.0	1.4301
1.4301-6.0	1.4301
1.4301-8.0	1.4301
1.4301-9.0	1.4301
2.0070-1.0	2.0070
2.0070-2.0	2.0070
2.0070-3.0	2.0070
2.0070-4.0	2.0070
2.0070-5.0	2.0070
2.0070-6.0	2.0070
2.0070-8.0	2.0070
2.0231-1.0	2.0231
2.0231-10.0	2.0231
2.0231-2.0	2.0231
2.0231-3.0	2.0231
2.0231-4.0	2.0231
2.0231-5.0	2.0231
2.0231-6.0	2.0231
2.0231-8.0	2.0231
3.0255-0.5	3.0255
3.0255-0.7	3.0255
3.0255-0.8	3.0255
3.0255-1.0	3.0255
3.0255-1.2	3.0255
3.0255-1.5	3.0255
3.0255-10.0	3.0255
3.0255-12.0	3.0255
3.0255-2.0	3.0255
3.0255-2.5	3.0255
3.0255-3.0	3.0255
3.0255-4.0	3.0255
3.0255-5.0	3.0255
3.0255-6.0	3.0255
3.0255-8.0	3.0255
3.3535-0.5	3.3535
3.3535-0.7	3.3535
3.3535-0.8	3.3535
3.3535-1.0	3.3535
3.3535-1.2	3.3535
3.3535-1.5	3.3535
3.3535-10.0	3.3535
3.3535-12.0	3.3535
3.3535-15.0	3.3535
3.3535-16.0	3.3535
3.3535-2.0	3.3535
3.3535-2.5	3.3535
3.3535-3.0	3.3535
3.3535-4.0	3.3535
3.3535-5.0	3.3535
3.3535-6.0	3.3535
3.3535-8.0	3.3535
3.7034-1.0	3.7034
3.7034-10.0	3.7034
3.7034-2.0	3.7034
3.7034-3.0	3.7034
3.7034-4.0	3.7034
3.7034-5.0	3.7034
3.7034-6.0	3.7034
3.7034-8.0	3.7034
1.4301-2	1.4301
1.0037S235JRG2-4.0	1.0037 S235JRG2
1.0037S235JRG2-4.0	1.0037 S235JRG2
3.3535LISTKOVY-5.0	3.3535 listkovy
1.0037S235JRG2	1.0037 S235JRG2
3.3535ALUNOX	3.3535ALUNOX
1.0037POZINK	1.4301 pozink
1.0037POZINK-1.5	1.0337 pozink
1.00373.0	1.0037
1.00374.0	1.0037
1.00375.0	1.0037
3.35351.0	3.3535
3.35352.0	3.3535
3.35353.0	3.3535
1.00378.0	1.0037
1.4301BRUS-3.0	1.4301 brus
1.0037S235JRG2-5.0	1.0037 S235JRG2
1.43011.5	1.4301
1.00372.0	1.0037
3.3535SPECIAL-3.0	3.3535 special
1.0037400HB-8.0	1.0037 HB
1.43013.0	1.4301
1.0037LISTKOVY-4.0	1.0037 listkovy
1.43016.0	1.4301
1.43018.0	1.4301
1.4301BRUS-4.0	1.4301 brus
1.43012.0	1.4301
1.0037POZINK-2.0	1.0337 pozink
1.4571-2.0	1.4571
1.003710.0	1.0037
1.4301BRUS-2.0	1.4301 brus
1.003712.0	1.0037
1.43010.6	1.4301
1.4301BRUS-1.5	1.4301 brus
1.4301BRUS-6.0	1.4301 brus
3.3535SPECIAL5.0	3.3535 special
1.43015.0	1.4301
1.4016MAGNET2	1.4301 magnet
1.4301-0.6	1.4301
3.35356.0	3.3535
1.43011.0	1.4301
3.35354.0	3.3535
3.35351.5	3.3535
1.00376.0	1.0037
1.430110.0	1.4301
1.0037S235JRG2-6.0	1.0037 S235JRG2
1.00371.5	1.0037
3.3535ALUNOX-1.0	3.3535ALUNOX
1.4571-6.0	1.4571
1.4301BRUS-1.0	1.4301
1.0037POZINK-3.0	1.0337 pozink
1.4016MAGNET3	1.4301 magnet
3.35355.0	3.3535
1.4571-5.0	1.4571
1.4571-12.0	1.4571
1.4571-10.0	1.4571
1.4571-4.0	1.4571
1.4571-8.0	1.4571
1.4571-3.0	1.4571
1.0037TRANSPORTKONZOLE	1.0037 transportkonzole 
1.4301BRUS-8	1.4301 brus
1.4301DEROVANY	1.4301 derovany
1.0037POZINK-2.5	1.0337 pozink
1.0037LISTKOVY-8.0	1.0037 listkovy
1.0037S355JR-20.0	1.0037 S235JRG2
1.0037POZINK-1.0	1.0037 pozink
1.00261.0	1.0026
1.00261.5	1.0026
1.00262.0	1.0026
1.00262.5	1.0026
1.00263.0	1.0026
1.00264.0	1.0026
1.03300.5	1.0330
1.03300.7	1.0330
1.03300.8	1.0330
1.03301.0	1.0330
1.03301.2	1.0330
1.03301.5	1.0330
1.03302.0	1.0330
1.03302.5	1.0330
1.03303.0	1.0330
1.00370.5	1.0037
1.00370.7	1.0037
1.00370.8	1.0037
1.00371.0	1.0037
1.00371.2	1.0037
1.00371.5	1.0037
1.003710.0	1.0037
1.003712.0	1.0037
1.003715.0	1.0037
1.003718.0	1.0037
1.00372.0	1.0037
1.00372.5	1.0037
1.003720.0	1.0037
1.003722.0	1.0037
1.00373.0	1.0037
1.00374.0	1.0037
1.00375.0	1.0037
1.00376.0	1.0037
1.00378.0	1.0037
1.00379.0	1.0037
1.43010.5	1.4301
1.43010.7	1.4301
